{
  "Plant_Height": {
    "GBLUP": {
      "pcc": 0.6496357321739197,
      "mse": 0.6116132140159607
    },
    "Transformer": {
      "pcc": 0.7491801381111145,
      "mse": 0.4292892813682556
    },
    "Transformer+AttnRes": {
      "pcc": 0.7464710474014282,
      "mse": 0.44641751050949097
    },
    "Transformer+GCN": {
      "pcc": 0.7308201193809509,
      "mse": 0.47157835960388184
    },
    "PlantHGNN_Full": {
      "pcc": 0.7292466759681702,
      "mse": 0.4531846046447754
    }
  },
  "Grain_Length": {
    "GBLUP": {
      "pcc": 0.8464393019676208,
      "mse": 0.3090759515762329
    },
    "Transformer": {
      "pcc": 0.8705962896347046,
      "mse": 0.24057044088840485
    },
    "Transformer+AttnRes": {
      "pcc": 0.8596002459526062,
      "mse": 0.2545539140701294
    },
    "Transformer+GCN": {
      "pcc": 0.8641149997711182,
      "mse": 0.24510779976844788
    },
    "PlantHGNN_Full": {
      "pcc": 0.8636839389801025,
      "mse": 0.25419074296951294
    }
  },
  "Grain_Width": {
    "GBLUP": {
      "pcc": 0.7226870059967041,
      "mse": 0.5075551867485046
    },
    "Transformer": {
      "pcc": 0.749721348285675,
      "mse": 0.4641731083393097
    },
    "Transformer+AttnRes": {
      "pcc": 0.7403449416160583,
      "mse": 0.4692416787147522
    },
    "Transformer+GCN": {
      "pcc": 0.7466631531715393,
      "mse": 0.45299744606018066
    },
    "PlantHGNN_Full": {
      "pcc": 0.7421274185180664,
      "mse": 0.4626616835594177
    }
  },
  "Days_to_Heading": {
    "GBLUP": {
      "pcc": 0.7820727229118347,
      "mse": 0.42054545879364014
    },
    "Transformer": {
      "pcc": 0.8450511693954468,
      "mse": 0.30914488434791565
    },
    "Transformer+AttnRes": {
      "pcc": 0.8376784324645996,
      "mse": 0.3096247911453247
    },
    "Transformer+GCN": {
      "pcc": 0.8468801379203796,
      "mse": 0.29210928082466125
    },
    "PlantHGNN_Full": {
      "pcc": 0.852904736995697,
      "mse": 0.2761835753917694
    }
  },
  "Panicle_Length": {
    "GBLUP": {
      "pcc": 0.7222237586975098,
      "mse": 0.5968112349510193
    },
    "Transformer": {
      "pcc": 0.727371335029602,
      "mse": 0.5948430299758911
    },
    "Transformer+AttnRes": {
      "pcc": 0.7466464638710022,
      "mse": 0.557306706905365
    },
    "Transformer+GCN": {
      "pcc": 0.7392194271087646,
      "mse": 0.5699777603149414
    },
    "PlantHGNN_Full": {
      "pcc": 0.7407578229904175,
      "mse": 0.5892094373703003
    }
  },
  "Grain_Weight": {
    "GBLUP": {
      "pcc": 0.752812385559082,
      "mse": 0.4064478278160095
    },
    "Transformer": {
      "pcc": 0.8058426380157471,
      "mse": 0.3321200907230377
    },
    "Transformer+AttnRes": {
      "pcc": 0.8063278794288635,
      "mse": 0.3192734122276306
    },
    "Transformer+GCN": {
      "pcc": 0.8107097744941711,
      "mse": 0.3097699284553528
    },
    "PlantHGNN_Full": {
      "pcc": 0.8343222141265869,
      "mse": 0.2758438289165497
    }
  },
  "Yield_per_plant": {
    "GBLUP": {
      "pcc": 0.17960494756698608,
      "mse": 1.3517404794692993
    },
    "Transformer": {
      "pcc": 0.39800694584846497,
      "mse": 0.802806556224823
    },
    "Transformer+AttnRes": {
      "pcc": 0.39415594935417175,
      "mse": 0.8059476017951965
    },
    "Transformer+GCN": {
      "pcc": 0.3631667196750641,
      "mse": 0.8325329422950745
    },
    "PlantHGNN_Full": {
      "pcc": 0.3997880816459656,
      "mse": 0.7933565974235535
    }
  }
}