{
  "Plant_Height": {
    "GBLUP": {
      "pcc": 0.6496357321739197,
      "mse": 0.6116132140159607
    },
    "MLP": {
      "pcc": 0.7617390155792236,
      "mse": 0.4073749780654907
    },
    "Transformer": {
      "pcc": 0.74948650598526,
      "mse": 0.44470709562301636
    },
    "PlantHGNN_AttnRes": {
      "pcc": 0.7351242899894714,
      "mse": 0.4312295913696289
    }
  },
  "Grain_Length": {
    "GBLUP": {
      "pcc": 0.8464393019676208,
      "mse": 0.3090759515762329
    },
    "MLP": {
      "pcc": 0.870871365070343,
      "mse": 0.2352013885974884
    },
    "Transformer": {
      "pcc": 0.873141884803772,
      "mse": 0.2334500104188919
    },
    "PlantHGNN_AttnRes": {
      "pcc": 0.860866129398346,
      "mse": 0.24998435378074646
    }
  },
  "Grain_Width": {
    "GBLUP": {
      "pcc": 0.7226870059967041,
      "mse": 0.5075551867485046
    },
    "MLP": {
      "pcc": 0.740696370601654,
      "mse": 0.46388518810272217
    },
    "Transformer": {
      "pcc": 0.7302382588386536,
      "mse": 0.49127084016799927
    },
    "PlantHGNN_AttnRes": {
      "pcc": 0.7442206740379333,
      "mse": 0.46027305722236633
    }
  },
  "Days_to_Heading": {
    "GBLUP": {
      "pcc": 0.7820727229118347,
      "mse": 0.42054545879364014
    },
    "MLP": {
      "pcc": 0.8520885109901428,
      "mse": 0.28581318259239197
    },
    "Transformer": {
      "pcc": 0.8393498063087463,
      "mse": 0.311697781085968
    },
    "PlantHGNN_AttnRes": {
      "pcc": 0.8531590104103088,
      "mse": 0.2806617021560669
    }
  },
  "Panicle_Length": {
    "GBLUP": {
      "pcc": 0.7222237586975098,
      "mse": 0.5968112349510193
    },
    "MLP": {
      "pcc": 0.733547031879425,
      "mse": 0.5584414601325989
    },
    "Transformer": {
      "pcc": 0.7571214437484741,
      "mse": 0.5116528272628784
    },
    "PlantHGNN_AttnRes": {
      "pcc": 0.7289481163024902,
      "mse": 0.5875852704048157
    }
  },
  "Grain_Weight": {
    "GBLUP": {
      "pcc": 0.752812385559082,
      "mse": 0.4064478278160095
    },
    "MLP": {
      "pcc": 0.8061455488204956,
      "mse": 0.31678226590156555
    },
    "Transformer": {
      "pcc": 0.8118510246276855,
      "mse": 0.30817118287086487
    },
    "PlantHGNN_AttnRes": {
      "pcc": 0.8015488982200623,
      "mse": 0.3237021267414093
    }
  },
  "Yield_per_plant": {
    "GBLUP": {
      "pcc": 0.17960494756698608,
      "mse": 1.3517404794692993
    },
    "MLP": {
      "pcc": 0.374534547328949,
      "mse": 0.8055233955383301
    },
    "Transformer": {
      "pcc": 0.3899828791618347,
      "mse": 0.8244584202766418
    },
    "PlantHGNN_AttnRes": {
      "pcc": 0.4086257219314575,
      "mse": 0.7818518280982971
    }
  }
}