{
  "10K_single_trait_GBLUP": {
    "pcc": 0.5538080167568806,
    "spearman": 0.5535247643586595,
    "mse": 0.5902488382893576,
    "mae": 0.568180749552181
  },
  "10K_single_trait_MLP": {
    "pcc": 0.5903697753896124,
    "spearman": 0.5870322364966374,
    "mse": 0.5543383057541862,
    "mae": 0.5461482796791481
  },
  "10K_single_trait_CNN": {
    "pcc": 0.5669139899163045,
    "spearman": 0.5580815587787724,
    "mse": 0.5864266151748428,
    "mae": 0.5725954491797581
  },
  "10K_single_trait_CNN_Huber": {
    "pcc": 0.5924091291221254,
    "spearman": 0.5850655981991726,
    "mse": 0.557408109809581,
    "mae": 0.5474492904884114
  },
  "10K_single_trait_Stacking": {
    "pcc": 0.6061164696465211,
    "spearman": 0.6058398685739391,
    "mse": 0.5396771049997675,
    "mae": 0.5343558515786629
  },
  "10K_multi_trait_GBLUP": {
    "pcc": 0.575541824551894,
    "spearman": 0.5707954483776612,
    "mse": 0.5521357532398621,
    "mae": 0.5493026271131014
  },
  "10K_multi_trait_MLP": {
    "pcc": 0.586243228736566,
    "spearman": 0.5786895647734329,
    "mse": 0.5456657298950658,
    "mae": 0.5477739422737118
  },
  "10K_multi_trait_CNN": {
    "pcc": 0.5827058087558228,
    "spearman": 0.5716724031249284,
    "mse": 0.5503891054112091,
    "mae": 0.5483647068874711
  },
  "10K_multi_trait_CNN_Huber": {
    "pcc": 0.5881995768737048,
    "spearman": 0.5747840006056812,
    "mse": 0.5459611574300229,
    "mae": 0.5442739148745241
  },
  "10K_multi_trait_Stacking": {
    "pcc": 0.5990916720870229,
    "spearman": 0.5879334194817033,
    "mse": 0.5286506270929241,
    "mae": 0.5338585222752505
  },
  "50K_multi_trait_GBLUP": {
    "pcc": 0.6253398057864091,
    "spearman": 0.6290848682824021,
    "mse": 0.49911005614414505,
    "mae": 0.5093857223933455
  },
  "50K_multi_trait_MLP": {
    "pcc": 0.6241365731204436,
    "spearman": 0.6287941453415825,
    "mse": 0.5028422585844288,
    "mae": 0.5159799034173951
  },
  "50K_multi_trait_CNN": {
    "pcc": 0.5957521518264733,
    "spearman": 0.5965534282208973,
    "mse": 0.5316187433266695,
    "mae": 0.5326626487898783
  },
  "50K_multi_trait_CNN_Huber": {
    "pcc": 0.6096390484015437,
    "spearman": 0.6085629603537552,
    "mse": 0.5212517708705267,
    "mae": 0.5257853293595665
  },
  "50K_multi_trait_Stacking": {
    "pcc": 0.6342558343265251,
    "spearman": 0.638701377700828,
    "mse": 0.48964732792947213,
    "mae": 0.5021814124615422
  }
}